-- Создание схемы trainee_markin
CREATE SCHEMA IF NOT EXISTS trainee_markin;

-- Переключение на созданную схему
SET search_path TO trainee_markin;

-- =====================================================
-- Таблица Street
-- =====================================================
CREATE TABLE IF NOT EXISTS street
(
    streetcd INTEGER PRIMARY KEY,
    streetnm VARCHAR(100) NOT NULL
);

INSERT INTO street (streetcd, streetnm)
VALUES (1, 'ЦИОЛКОВСКОГО УЛИЦА'),
       (2, 'НОВАЯ УЛИЦА'),
       (3, 'ВОЙКОВ ПЕРЕУЛОК'),
       (4, 'ТАТАРСКАЯ УЛИЦА'),
       (5, 'ГАГАРИНА УЛИЦА'),
       (6, 'МОСКОВСКАЯ УЛИЦА'),
       (7, 'КУТУЗОВА УЛИЦА'),
       (8, 'МОСКОВСКОЕ ШОССЕ');

-- =====================================================
-- Таблица Abonent
-- =====================================================
CREATE TABLE IF NOT EXISTS abonent
(
    accountcd VARCHAR(10) PRIMARY KEY,
    streetcd INTEGER NOT NULL,
    houseno VARCHAR(10) NOT NULL,
    flatno VARCHAR(10),
    fio VARCHAR(100) NOT NULL,
    phone VARCHAR(20),
    FOREIGN KEY (streetcd) REFERENCES street (streetcd)
);

INSERT INTO abonent (accountcd, streetcd, houseno, flatno, fio, phone)
VALUES ('005488', 3, '4', '1', 'Аксенов С. А.', '556893'),
       ('015527', 3, '1', '65', 'Конюхов В. С.', '761699'),
       ('080047', 8, '39', '36', 'Шубина Т. П.', '257842'),
       ('080270', 6, '35', '6', 'Тимошкина Н. Г.', '321002'),
       ('080613', 8, '35', '11', 'Лукашина Р. М.', '254417'),
       ('115705', 3, '1', '82', 'Мищенко Е. В.', '769975'),
       ('126112', 4, '7', '11', 'Маркова В. П.', '683301'),
       ('136159', 7, '39', '1', 'Свирина З. А.', NULL),
       ('136160', 4, '9', '15', 'Шмаков С. В.', NULL),
       ('136169', 4, '7', '13', 'Денисова Е. К.', '680305'),
       ('443069', 4, '51', '55', 'Стародубцев Е. В.', '683014'),
       ('443690', 7, '5', '1', 'Тулупова М. И.', '214833');

-- =====================================================
-- Таблица Services
-- =====================================================
CREATE TABLE IF NOT EXISTS services
(
    servicecd INTEGER PRIMARY KEY,
    servicenm VARCHAR(100) NOT NULL
);

INSERT INTO services (servicecd, servicenm)
VALUES (1, 'Газоснабжение'),
       (2, 'Электроснабжение'),
       (3, 'Теплоснабжение'),
       (4, 'Водоснабжение');

-- =====================================================
-- Таблица Disrepair
-- =====================================================
CREATE TABLE IF NOT EXISTS disrepair
(
    failurecd INTEGER PRIMARY KEY,
    failurenm VARCHAR(200) NOT NULL
);

INSERT INTO disrepair (failurecd, failurenm)
VALUES (1, 'Засорилась водогрейная колонка'),
       (2, 'Не горит АГВ'),
       (3, 'Течет из водогрейной колонки'),
       (4, 'Неисправна печная горелка'),
       (5, 'Неисправен газовый счетчик'),
       (6, 'Плохое поступление газа на горелку плиты'),
       (7, 'Туго поворачивается пробка крана плиты'),
       (8, 'При закрытии краника горелка плиты не гаснет'),
       (12, 'Неизвестна');

-- =====================================================
-- Таблица NachislSumma
-- =====================================================
CREATE TABLE IF NOT EXISTS nachislsumma
(
    nachisl_factcd INTEGER PRIMARY KEY,
    accountcd VARCHAR(10) NOT NULL,
    servicecd INTEGER NOT NULL,
    nachisl_sum NUMERIC(10, 2) NOT NULL,
    nachisl_month INTEGER NOT NULL,
    nachisl_year INTEGER NOT NULL,
    FOREIGN KEY (accountcd) REFERENCES abonent (accountcd),
    FOREIGN KEY (servicecd) REFERENCES services (servicecd)
);

INSERT INTO nachislsumma (nachisl_factcd, accountcd, servicecd, nachisl_sum, nachisl_month, nachisl_year)
VALUES (1, '136160', 2, 656.00, 1, 2021),
       (2, '005488', 2, 646.00, 12, 2018),
       (3, '005488', 2, 656.00, 4, 2021),
       (4, '115705', 2, 640.00, 1, 2018),
       (5, '115705', 2, 850.00, 9, 2019),
       (6, '136160', 1, 518.30, 1, 2020),
       (7, '080047', 2, 680.00, 10, 2020),
       (8, '080047', 2, 680.00, 10, 2019),
       (9, '080270', 2, 646.00, 12, 2019),
       (10, '080613', 2, 656.00, 6, 2019),
       (11, '115705', 2, 850.00, 9, 2018),
       (12, '115705', 2, 658.70, 8, 2019),
       (13, '136160', 2, 620.00, 5, 2019),
       (15, '136169', 2, 620.00, 5, 2019),
       (16, '136169', 2, 658.70, 11, 2019),
       (17, '443069', 2, 680.00, 9, 2019),
       (18, '443069', 2, 638.50, 8, 2019),
       (19, '005488', 2, 658.70, 12, 2019),
       (20, '015527', 1, 528.32, 7, 2020),
       (21, '080047', 1, 519.56, 3, 2020),
       (22, '080613', 1, 510.60, 9, 2020),
       (23, '443069', 1, 538.28, 12, 2020),
       (24, '015527', 1, 538.32, 4, 2021),
       (25, '115705', 1, 537.15, 10, 2021),
       (26, '080613', 1, 512.60, 8, 2018),
       (27, '136169', 1, 525.32, 1, 2021),
       (28, '080270', 1, 557.10, 2, 2020),
       (29, '136159', 1, 508.30, 8, 2021),
       (30, '005488', 1, 562.13, 4, 2018),
       (31, '115705', 1, 537.80, 5, 2019),
       (32, '443690', 1, 517.80, 6, 2020),
       (33, '080047', 1, 522.56, 5, 2021),
       (34, '126112', 1, 515.30, 8, 2018),
       (35, '080047', 1, 532.56, 9, 2019),
       (36, '080613', 1, 512.60, 4, 2020),
       (37, '115705', 1, 537.15, 11, 2021),
       (38, '080270', 1, 558.10, 12, 2018),
       (39, '136169', 1, 528.32, 1, 2019),
       (40, '015527', 1, 518.32, 2, 2020),
       (41, '443690', 1, 521.67, 3, 2021),
       (42, '080613', 1, 522.86, 4, 2018),
       (43, '080270', 1, 560.10, 5, 2019),
       (44, '136169', 1, 528.32, 2, 2020),
       (45, '080047', 1, 522.20, 7, 2021),
       (46, '126112', 1, 525.30, 8, 2019),
       (47, '443069', 1, 538.32, 9, 2019),
       (48, '136159', 1, 508.30, 10, 2020),
       (49, '115705', 1, 537.15, 6, 2021),
       (50, '136160', 1, 518.30, 12, 2018),
       (51, '005488', 3, 2279.80, 5, 2020),
       (52, '005488', 3, 2266.70, 2, 2021),
       (53, '015527', 3, 2343.36, 11, 2021),
       (54, '080047', 3, 2271.60, 2, 2021),
       (55, '080270', 3, 2278.25, 11, 2021),
       (56, '080613', 3, 2254.40, 7, 2019),
       (57, '080613', 3, 2258.80, 2, 2021),
       (58, '080613', 3, 2239.33, 5, 2021),
       (59, '126112', 3, 2179.90, 4, 2020),
       (60, '136159', 3, 2180.13, 9, 2021),
       (61, '136160', 3, 2238.80, 3, 2018),
       (62, '136160', 3, 2237.38, 3, 2019),
       (63, '136169', 3, 2349.19, 6, 2020),
       (64, '136169', 3, 2346.18, 7, 2020),
       (65, '443690', 3, 2290.33, 3, 2021),
       (66, '015527', 4, 280.10, 7, 2020),
       (67, '015527', 4, 311.30, 10, 2021),
       (68, '080270', 4, 144.34, 3, 2019),
       (69, '080270', 4, 253.43, 6, 2020),
       (70, '080270', 4, 154.60, 4, 2021),
       (71, '115705', 4, 253.85, 1, 2020),
       (72, '126112', 4, 135.50, 6, 2020),
       (73, '136159', 4, 49.38, 4, 2019),
       (74, '136159', 4, 118.88, 6, 2020),
       (75, '136169', 4, 228.44, 10, 2021),
       (76, '443069', 4, 166.69, 5, 2020),
       (77, '443069', 4, 144.45, 10, 2021),
       (78, '443069', 4, 180.88, 8, 2019),
       (79, '443069', 4, 200.13, 9, 2020);

-- =====================================================
-- Таблица PaySumma
-- =====================================================
CREATE TABLE IF NOT EXISTS paysumma
(
    pay_factcd INTEGER PRIMARY KEY,
    accountcd VARCHAR(10) NOT NULL,
    servicecd INTEGER NOT NULL,
    paysum NUMERIC(10, 2) NOT NULL,
    paydate DATE NOT NULL,
    paymonth INTEGER NOT NULL,
    payyear INTEGER NOT NULL,
    FOREIGN KEY (accountcd) REFERENCES abonent (accountcd),
    FOREIGN KEY (servicecd) REFERENCES services (servicecd)
);

INSERT INTO paysumma (pay_factcd, accountcd, servicecd, paysum, paydate, paymonth, payyear)
VALUES (1, '005488', 2, 658.70, '2020-01-08', 12, 2019),
       (2, '005488', 2, 640.00, '2019-01-06', 12, 2018),
       (3, '005488', 2, 656.00, '2021-05-06', 4, 2021),
       (4, '115705', 2, 640.00, '2018-02-10', 1, 2018),
       (5, '115705', 2, 850.00, '2019-10-03', 9, 2019),
       (6, '136160', 2, 620.00, '2019-06-13', 5, 2019),
       (7, '136160', 2, 656.00, '2021-02-12', 1, 2021),
       (8, '136169', 2, 620.00, '2019-06-22', 5, 2019),
       (9, '080047', 2, 680.00, '2020-11-26', 10, 2020),
       (10, '080047', 2, 680.00, '2019-11-21', 10, 2019),
       (11, '080270', 2, 630.00, '2020-01-03', 12, 2019),
       (12, '080613', 2, 658.50, '2019-07-19', 6, 2019),
       (13, '115705', 2, 850.00, '2018-10-06', 9, 2018),
       (14, '115705', 2, 658.70, '2019-09-04', 8, 2019),
       (15, '136169', 2, 658.70, '2019-12-01', 11, 2019),
       (16, '443069', 2, 680.00, '2019-10-03', 9, 2019),
       (17, '443069', 2, 638.50, '2019-09-13', 8, 2019),
       (18, '136160', 1, 518.00, '2020-02-05', 1, 2020),
       (19, '015527', 1, 530.00, '2020-08-03', 7, 2020),
       (20, '080047', 1, 519.56, '2020-04-02', 3, 2020),
       (21, '080613', 1, 511.00, '2020-10-03', 9, 2020),
       (22, '443069', 1, 538.28, '2021-02-04', 12, 2020),
       (23, '015527', 1, 540.00, '2021-05-07', 4, 2021),
       (24, '115705', 1, 537.15, '2021-11-04', 10, 2021),
       (25, '080613', 1, 512.00, '2018-09-20', 8, 2018),
       (26, '136169', 1, 525.32, '2021-02-03', 1, 2021),
       (27, '080270', 1, 560.00, '2020-03-05', 2, 2020),
       (28, '136159', 1, 508.30, '2021-09-10', 8, 2021),
       (29, '005488', 1, 565.00, '2018-05-03', 4, 2018),
       (30, '115705', 1, 537.80, '2019-07-12', 5, 2019),
       (31, '443690', 1, 517.80, '2020-07-04', 6, 2020),
       (32, '080047', 1, 522.56, '2021-06-05', 5, 2021),
       (33, '126112', 1, 515.30, '2018-09-06', 8, 2018),
       (34, '080047', 1, 532.56, '2019-10-06', 9, 2019),
       (35, '080613', 1, 512.60, '2020-05-05', 4, 2020),
       (36, '115705', 1, 537.15, '2021-12-05', 11, 2021),
       (37, '080270', 1, 558.10, '2019-01-03', 12, 2018),
       (38, '136169', 1, 528.32, '2019-02-03', 1, 2019),
       (39, '015527', 1, 518.32, '2020-03-03', 2, 2020),
       (40, '443690', 1, 521.67, '2021-04-03', 3, 2021),
       (41, '080613', 1, 522.86, '2018-05-05', 4, 2018),
       (42, '080270', 1, 560.10, '2019-06-05', 5, 2019),
       (43, '136169', 1, 528.32, '2020-03-03', 2, 2020),
       (44, '080047', 1, 522.20, '2021-08-05', 7, 2021),
       (45, '126112', 1, 525.30, '2019-09-06', 8, 2019),
       (46, '443069', 1, 538.32, '2019-10-04', 9, 2019),
       (47, '136159', 1, 508.30, '2020-11-05', 10, 2020),
       (48, '115705', 1, 537.15, '2021-07-05', 6, 2021),
       (49, '136160', 1, 518.30, '2019-01-04', 12, 2018),
       (50, '005488', 3, 2279.80, '2020-06-05', 5, 2020),
       (51, '005488', 3, 2266.70, '2021-03-05', 2, 2021),
       (52, '015527', 3, 2343.36, '2021-12-05', 11, 2021),
       (53, '080047', 3, 2271.60, '2021-03-06', 2, 2021),
       (54, '080270', 3, 2278.25, '2021-12-06', 11, 2021),
       (55, '080613', 3, 2254.40, '2019-08-07', 7, 2019),
       (56, '080613', 3, 2258.80, '2021-03-05', 2, 2021),
       (57, '080613', 3, 2239.33, '2021-06-05', 5, 2021),
       (58, '126112', 3, 2179.90, '2020-05-05', 4, 2020),
       (59, '136159', 3, 2180.13, '2021-10-06', 9, 2021),
       (60, '136160', 3, 2238.80, '2018-04-05', 3, 2018),
       (61, '136160', 3, 2237.38, '2019-04-05', 3, 2019),
       (62, '136169', 3, 2349.19, '2020-07-14', 6, 2020),
       (63, '136169', 3, 2346.18, '2020-08-13', 7, 2020),
       (64, '443690', 3, 2295.00, '2021-04-09', 3, 2021),
       (65, '015527', 4, 280.10, '2020-08-08', 7, 2020),
       (66, '015527', 4, 311.30, '2021-11-03', 10, 2021),
       (67, '080270', 4, 144.50, '2019-04-18', 3, 2019),
       (68, '080270', 4, 150.00, '2020-07-14', 6, 2020),
       (69, '080270', 4, 160.00, '2021-05-12', 4, 2021),
       (70, '115705', 4, 253.85, '2020-02-02', 1, 2020),
       (71, '126112', 4, 135.50, '2020-07-12', 6, 2020),
       (72, '136159', 4, 49.38, '2019-05-18', 4, 2019),
       (73, '136159', 4, 120.00, '2020-07-09', 6, 2020),
       (74, '136169', 4, 228.44, '2021-11-26', 10, 2021),
       (75, '443069', 4, 166.69, '2020-06-03', 5, 2020),
       (76, '443069', 4, 144.45, '2021-11-16', 10, 2021),
       (77, '443690', 4, 185.00, '2019-09-05', 8, 2019);

-- =====================================================
-- Таблица Request
-- =====================================================
CREATE TABLE IF NOT EXISTS request
(
    requestcd INTEGER PRIMARY KEY,
    accountcd VARCHAR(10) NOT NULL,
    executorcd INTEGER,
    failurecd INTEGER NOT NULL,
    incomingdate DATE NOT NULL,
    executiondate DATE,
    executed BOOLEAN NOT NULL,
    FOREIGN KEY (accountcd) REFERENCES abonent (accountcd),
    FOREIGN KEY (failurecd) REFERENCES disrepair (failurecd)
);

INSERT INTO request (requestcd, accountcd, executorcd, failurecd, incomingdate, executiondate, executed)
VALUES (1, '005488', 1, 1, '2019-12-17', '2019-12-20', TRUE),
       (2, '115705', 3, 1, '2019-08-07', '2019-08-12', TRUE),
       (3, '015527', 1, 12, '2020-02-28', '2020-03-08', FALSE),
       (5, '080270', 4, 1, '2019-12-31', NULL, FALSE),
       (6, '080613', 1, 6, '2019-06-16', '2019-06-24', TRUE),
       (7, '080047', 3, 2, '2020-10-20', '2020-10-24', TRUE),
       (9, '136169', 2, 1, '2019-11-06', '2019-11-08', TRUE),
       (10, '136159', 3, 12, '2019-04-01', '2019-04-03', FALSE),
       (11, '136160', 1, 6, '2021-01-12', '2021-01-12', TRUE),
       (12, '443069', 5, 2, '2019-08-08', '2019-08-10', TRUE),
       (13, '005488', 5, 8, '2018-09-04', '2018-12-05', TRUE),
       (14, '005488', 4, 6, '2021-04-04', '2021-04-13', TRUE),
       (15, '115705', 4, 5, '2018-09-20', '2018-09-23', TRUE),
       (16, '115705', NULL, 3, '2019-12-28', NULL, FALSE),
       (17, '115705', 1, 5, '2019-08-15', '2019-09-06', TRUE),
       (18, '115705', 2, 3, '2020-12-28', '2021-01-04', TRUE),
       (19, '080270', 4, 8, '2019-12-17', '2019-12-27', TRUE),
       (20, '080047', 3, 2, '2019-10-11', '2019-10-11', TRUE),
       (21, '443069', 1, 2, '2019-09-13', '2019-09-14', TRUE),
       (22, '136160', 1, 7, '2019-05-18', '2019-05-25', TRUE),
       (23, '136169', 5, 7, '2019-05-07', '2019-05-08', TRUE);


-- =====================================================
-- Проверка всех таблиц
-- =====================================================
SELECT 'Street' AS table_name, COUNT(*) AS record_count
FROM street
UNION ALL
SELECT 'Abonent', COUNT(*)
FROM abonent
UNION ALL
SELECT 'Services', COUNT(*)
FROM services
UNION ALL
SELECT 'Disrepair', COUNT(*)
FROM disrepair
UNION ALL
SELECT 'NachislSumma', COUNT(*)
FROM nachislsumma
UNION ALL
SELECT 'PaySumma', COUNT(*)
FROM paysumma
UNION ALL
SELECT 'Request', COUNT(*)
FROM request
ORDER BY table_name;

select *
from abonent
where phone is null
order by fio;
